{"IcoMoonType":"selection","icons":[{"icon":{"paths":["M512 576h-79.89c-8.897 0-16.11 7.422-16.11 16 0 8.837 7.453 16 16.11 16h79.89v79.89c0 8.897 7.422 16.11 16 16.11 8.837 0 16-7.453 16-16.11v-79.89h79.89c8.897 0 16.11-7.422 16.11-16 0-8.837-7.453-16-16.11-16h-79.89v-79.89c0-8.897-7.422-16.11-16-16.11-8.837 0-16 7.453-16 16.11v79.89zM863.979 493.265c56.585 24.664 96.021 81.082 96.021 146.735 0 88.186-71.626 160-159.982 160h-544.036c-88.542 0-159.982-71.634-159.982-160 0-65.628 39.669-122.189 96.381-146.831v0c-0.253-4.357-0.381-8.748-0.381-13.169 0-123.712 100.288-224 224-224 73.534 0 138.793 35.433 179.633 90.157 26.849-16.586 58.49-26.157 92.367-26.157 96.289 0 174.518 77.324 175.979 173.265v0 0z"],"attrs":[{}],"isMulticolor":false,"isMulticolor2":false,"tags":["cloud-add"],"grid":32},"attrs":[{}],"properties":{"order":1,"id":0,"prevSize":32,"code":59648,"name":"cloud-add"},"setIdx":0,"setId":2,"iconIdx":0}],"height":1024,"metadata":{"name":"icomoon"},"preferences":{"showGlyphs":true,"showQuickUse":true,"showQuickUse2":true,"showSVGs":true,"fontPref":{"prefix":"icon-","metadata":{"fontFamily":"icomoon"},"metrics":{"emSize":1024,"baseline":6.25,"whitespace":50},"embed":false,"autoHost":true},"imagePref":{"prefix":"icon-","png":true,"useClassSelector":true,"color":0,"bgColor":16777215,"classSelector":".icon"},"historySize":50,"showCodes":true,"gridSize":16,"quickUsageToken":{"UntitledProject":"YzkwMGUyMDYxYmJjOWMzOTJlZGFkMDQzMjJkNGVmNzcjMSMxNjg5NjM1OTYzIyMjMDFjZTMzNDVlMzRi"}}}